Run Number,Run History Configuration ID,Instance ID,Response Value (y),Censored?,Cutoff Time Used,Seed,Runtime,Run Length,Run Result Code,Run Quality,SMAC Iteration,SMAC Cumulative Runtime,Run Result,Additional Algorithm Run Data,Wall Clock Time,
1,1,1,0.33201789856,0,1.7976931348623157E308,-1,0.33201789856,0.0,1,0.0,0,0.33201789856,SAT,,5.798,
2,2,1,0.0516850948334,0,1.4342237937927247,-1,0.0516850948334,0.0,1,0.0,1,0.3837029933934,SAT,,2.412,
3,3,1,3.04244589806,0,1.0697914588928223,-1,3.04244589806,0.0,1,0.0,1,3.4261488914534,SAT,,6.031,
