"Validation Configuration ID","Configuration ","Sample Call String"
"1","-goal_bias '0.21251579719123437' -range '13.064863129080742'","python AAC_RRT_noload.py no_instance 0 1.7976931348623157E308 2147483647 -1 -goal_bias '0.21251579719123437' -range '13.064863129080742' "
