"Validation Configuration ID","Configuration ","Sample Call String"
"1","-x1 '-3.141510680681927' -x2 '12.249104773158047'","python example_scenarios/branin/branin.py no_instance 0 1.7976931348623157E308 2147483647 -1 -x1 '-3.141510680681927' -x2 '12.249104773158047' "
