Run Number,Run History Configuration ID,Instance ID,Response Value (y),Censored?,Cutoff Time Used,Seed,Runtime,Run Length,Run Result Code,Run Quality,SMAC Iteration,SMAC Cumulative Runtime,Run Result,Additional Algorithm Run Data,Wall Clock Time,
1,1,1,1.19257616997,0,1.7976931348623157E308,-1,1.19257616997,0.0,1,0.0,0,1.19257616997,SAT,,4.562,
2,2,1,1.30072569847,0,2.5529498565673823,-1,1.30072569847,0.0,1,0.0,1,2.4933018684399997,SAT,,4.477,
3,3,1,1.51988077164,0,2.5529498565673823,-1,1.51988077164,0.0,1,0.0,1,4.01318264008,SAT,,4.582,
