Run Number,Run History Configuration ID,Instance ID,Response Value (y),Censored?,Cutoff Time Used,Seed,Runtime,Run Length,Run Result Code,Run Quality,SMAC Iteration,SMAC Cumulative Runtime,Run Result,Additional Algorithm Run Data,Wall Clock Time,
1,1,1,1.19257616997,0,1.7976931348623157E308,-1,1.19257616997,0.0,1,0.0,0,1.19257616997,SAT,,4.562,
2,2,1,1.30072569847,0,2.5529498565673823,-1,1.30072569847,0.0,1,0.0,1,2.4933018684399997,SAT,,4.477,
3,3,1,1.51988077164,0,2.5529498565673823,-1,1.51988077164,0.0,1,0.0,1,4.01318264008,SAT,,4.582,
4,4,1,1.13402676582,0,2.5529498565673823,-1,1.13402676582,0.0,1,0.0,2,5.1472094059,SAT,,3.685,
5,5,1,1.23593211174,0,2.4768350112915036,-1,1.23593211174,0.0,1,0.0,2,6.38314151764,SAT,,3.972,
6,6,1,1.18190312386,0,2.4768350112915036,-1,1.18190312386,0.0,1,0.0,3,7.5650446415,SAT,,3.847,
7,7,1,1.35684370995,0,2.4768350112915036,-1,1.35684370995,0.0,1,0.0,3,8.92188835145,SAT,,4.517,
8,8,1,1.33070731163,0,2.4768350112915036,-1,1.33070731163,0.0,1,0.0,4,10.252595663080001,SAT,,4.429,
9,9,1,1.19169473648,0,2.4768350112915036,-1,1.19169473648,0.0,1,0.0,4,11.444290399560002,SAT,,4.25,
