Run Number,Run History Configuration ID,Instance ID,Response Value (y),Censored?,Cutoff Time Used,Seed,Runtime,Run Length,Run Result Code,Run Quality,SMAC Iteration,SMAC Cumulative Runtime,Run Result,Additional Algorithm Run Data,Wall Clock Time,
1,1,1,2.19826960564,0,1.7976931348623157E308,-1,2.19826960564,0.0,1,0.0,0,2.19826960564,SAT,,5.202,
2,2,1,1.78091979027,0,3.860351322937011,-1,1.78091979027,0.0,1,0.0,1,3.97918939591,SAT,,4.897,
3,3,1,1.77696442604,0,3.3177965629577635,-1,1.77696442604,0.0,1,0.0,1,5.75615382195,SAT,,4.847,
4,4,1,1.96671772003,0,3.312653969573974,-1,1.96671772003,0.0,1,0.0,2,7.72287154198,SAT,,5.007,
5,5,1,2.03790235519,0,3.312653969573974,-1,2.03790235519,0.0,1,0.0,2,9.76077389717,SAT,,5.174,
